filename,subject_id
rep_67.tsv,subject1
rep_73.tsv,subject2
rep_98.tsv,subject3
rep_113.tsv,subject4
rep_107.tsv,subject5
rep_4.tsv,subject6
rep_5.tsv,subject7
rep_106.tsv,subject8
rep_112.tsv,subject9
rep_99.tsv,subject10
rep_72.tsv,subject11
rep_66.tsv,subject12
rep_58.tsv,subject13
rep_70.tsv,subject14
rep_64.tsv,subject15
rep_138.tsv,subject16
rep_104.tsv,subject17
rep_110.tsv,subject18
rep_7.tsv,subject19
rep_6.tsv,subject20
rep_111.tsv,subject21
rep_105.tsv,subject22
rep_139.tsv,subject23
rep_65.tsv,subject24
rep_71.tsv,subject25
rep_59.tsv,subject26
rep_75.tsv,subject27
rep_61.tsv,subject28
rep_49.tsv,subject29
rep_101.tsv,subject30
rep_115.tsv,subject31
rep_129.tsv,subject32
rep_2.tsv,subject33
rep_3.tsv,subject34
rep_128.tsv,subject35
rep_114.tsv,subject36
rep_100.tsv,subject37
rep_48.tsv,subject38
rep_60.tsv,subject39
rep_74.tsv,subject40
rep_62.tsv,subject41
rep_76.tsv,subject42
rep_89.tsv,subject43
rep_116.tsv,subject44
rep_102.tsv,subject45
rep_1.tsv,subject46
rep_103.tsv,subject47
rep_117.tsv,subject48
rep_88.tsv,subject49
rep_77.tsv,subject50
rep_63.tsv,subject51
rep_38.tsv,subject52
rep_10.tsv,subject53
rep_158.tsv,subject54
rep_170.tsv,subject55
rep_164.tsv,subject56
rep_165.tsv,subject57
rep_171.tsv,subject58
rep_159.tsv,subject59
rep_11.tsv,subject60
rep_39.tsv,subject61
rep_13.tsv,subject62
rep_167.tsv,subject63
rep_173.tsv,subject64
rep_198.tsv,subject65
rep_199.tsv,subject66
rep_172.tsv,subject67
rep_166.tsv,subject68
rep_12.tsv,subject69
rep_200.tsv,subject70
rep_16.tsv,subject71
rep_162.tsv,subject72
rep_176.tsv,subject73
rep_189.tsv,subject74
rep_188.tsv,subject75
rep_177.tsv,subject76
rep_163.tsv,subject77
rep_17.tsv,subject78
rep_15.tsv,subject79
rep_29.tsv,subject80
rep_175.tsv,subject81
rep_161.tsv,subject82
rep_149.tsv,subject83
rep_148.tsv,subject84
rep_160.tsv,subject85
rep_174.tsv,subject86
rep_28.tsv,subject87
rep_14.tsv,subject88
rep_19.tsv,subject89
rep_25.tsv,subject90
rep_31.tsv,subject91
rep_179.tsv,subject92
rep_151.tsv,subject93
rep_145.tsv,subject94
rep_192.tsv,subject95
rep_186.tsv,subject96
rep_187.tsv,subject97
rep_193.tsv,subject98
rep_144.tsv,subject99
rep_150.tsv,subject100
rep_178.tsv,subject101
rep_30.tsv,subject102
rep_24.tsv,subject103
rep_18.tsv,subject104
rep_32.tsv,subject105
rep_26.tsv,subject106
rep_146.tsv,subject107
rep_152.tsv,subject108
rep_185.tsv,subject109
rep_191.tsv,subject110
rep_190.tsv,subject111
rep_184.tsv,subject112
rep_153.tsv,subject113
rep_147.tsv,subject114
rep_27.tsv,subject115
rep_33.tsv,subject116
rep_37.tsv,subject117
rep_23.tsv,subject118
rep_143.tsv,subject119
rep_157.tsv,subject120
rep_180.tsv,subject121
rep_194.tsv,subject122
rep_195.tsv,subject123
rep_181.tsv,subject124
rep_156.tsv,subject125
rep_142.tsv,subject126
rep_22.tsv,subject127
rep_36.tsv,subject128
rep_20.tsv,subject129
rep_34.tsv,subject130
rep_154.tsv,subject131
rep_140.tsv,subject132
rep_168.tsv,subject133
rep_197.tsv,subject134
rep_183.tsv,subject135
rep_182.tsv,subject136
rep_196.tsv,subject137
rep_169.tsv,subject138
rep_141.tsv,subject139
rep_155.tsv,subject140
rep_35.tsv,subject141
rep_21.tsv,subject142
rep_46.tsv,subject143
rep_52.tsv,subject144
rep_85.tsv,subject145
rep_91.tsv,subject146
rep_132.tsv,subject147
rep_126.tsv,subject148
rep_127.tsv,subject149
rep_133.tsv,subject150
rep_90.tsv,subject151
rep_84.tsv,subject152
rep_53.tsv,subject153
rep_47.tsv,subject154
rep_79.tsv,subject155
rep_51.tsv,subject156
rep_45.tsv,subject157
rep_92.tsv,subject158
rep_86.tsv,subject159
rep_119.tsv,subject160
rep_125.tsv,subject161
rep_131.tsv,subject162
rep_130.tsv,subject163
rep_124.tsv,subject164
rep_118.tsv,subject165
rep_87.tsv,subject166
rep_93.tsv,subject167
rep_44.tsv,subject168
rep_50.tsv,subject169
rep_78.tsv,subject170
rep_54.tsv,subject171
rep_40.tsv,subject172
rep_68.tsv,subject173
rep_97.tsv,subject174
rep_83.tsv,subject175
rep_120.tsv,subject176
rep_134.tsv,subject177
rep_108.tsv,subject178
rep_109.tsv,subject179
rep_135.tsv,subject180
rep_121.tsv,subject181
rep_82.tsv,subject182
rep_96.tsv,subject183
rep_69.tsv,subject184
rep_41.tsv,subject185
rep_55.tsv,subject186
rep_43.tsv,subject187
rep_57.tsv,subject188
rep_80.tsv,subject189
rep_94.tsv,subject190
rep_137.tsv,subject191
rep_123.tsv,subject192
rep_8.tsv,subject193
rep_9.tsv,subject194
rep_122.tsv,subject195
rep_136.tsv,subject196
rep_95.tsv,subject197
rep_81.tsv,subject198
rep_56.tsv,subject199
rep_42.tsv,subject200
