TGTGCCAGCAGCCCCGGACTATATAGCAATCAGCCCCAGCATTTT	CASSPGLYSNQPQHF	TRBV5-6	TRBJ1-5
TGCAGCGTTGCCCTGACTAGCGGGGGGGCGCACAATGAGCAGTTCTTC	CSVALTSGGAHNEQFF	TRBV29-1	TRBJ2-1
TGCGCCAGCAGCCTTCTACAGGGGGCGGGAACTGAAGCTTTCTTT	CASSLLQGAGTEAFF	TRBV4-3	TRBJ1-1
TGTGCCCTGGGGACAGGGTTCCGGGGGCAGCCCCAGCATTTT	CALGTGFRGQPQHF	TRBV10-3	TRBJ1-5
TGCAGTGCTAGAGAGAGGAAATTCTATGGCTACACCTTC	CSARERKFYGYTF	TRBV20-1	TRBJ1-2
TGTGCTAGCAGCTTACCCCGACGACAGGCAGGGGTAGAGACCCAGTACTTC	CASSLPRRQAGVETQYF	TRBV7-7	TRBJ2-5
TGTGCCAGCAGTTTACTTTCCTACAGGGGCTATGGCTACACCTTC	CASSLLSYRGYGYTF	TRBV27	TRBJ1-2
TGCGCCAGCAGTGAGCACAGTGGGGTATTCTTC	CASSEHSGVFF	TRBV10-1	TRBJ2-7
TGCGCCAGCAGCCAAGAACAGGGGAAGCGCGAGCAGTACTTC	CASSQEQGKREQYF	TRBV4-1	TRBJ2-7
TGTGCCAGCAGTTTGAGGGGGTCCTACGAGCAGTACTTC	CASSLRGSYEQYF	TRBV27	TRBJ2-7
TGCGCCAGCAGTGATAAAAGGGACTCCTACGAGCAGTACTTC	CASSDKRDSYEQYF	TRBV10-1	TRBJ2-7
TGCGCCAGCGTGGAGGGCAGGGCGACCTCCTACGAGCAGTACTTC	CASVEGRATSYEQYF	TRBV5-1	TRBJ2-7
TGTGCCACCGACCCCGGGGAGTCGGACAACGGCTACACCTTC	CATDPGESDNGYTF	TRBV24-1	TRBJ1-2
TGTGCCAGCAGCTTAGATGTCCCGGGACAGGGCTATACGCAGTATTTT	CASSLDVPGQGYTQYF	TRBV7-6	TRBJ2-3
TGTGCCAGCAGCGCTGACAGGGAAAGTCTGAACACTGAAGCTTTCTTT	CASSADRESLNTEAFF	TRBV13	TRBJ1-1
TGTGCCAGTAGTACCGGGTGGTGGAACACTGAAGCTTTCTTT	CASSTGWWNTEAFF	TRBV19	TRBJ1-1
TGTGCCAGCAGCCAAGGTAGGGGGGGACAATACGAGCAGTACTTC	CASSQGRGGQYEQYF	TRBV14	TRBJ2-7
TGCGCCAGCAAACGGGGGGTTAAGGGGGAGCTGTTTTTT	CASKRGVKGELFF	TRBV10-1	TRBJ2-2
TGTGCCAGCAGGGGGCAGACTCAAGGGGATCAGCCCCAGCATTTT	CASRGQTQGDQPQHF	TRBV27	TRBJ1-5
TGTGCCAGCAGTGAGGGAAGAGCGGACAATGAGCAGTTCTTC	CASSEGRADNEQFF	TRBV25-1	TRBJ2-1
TGTGCCTGGGGTTCAAACAGGGCCGGGACGTATAGCAATCAGCCCCAGCATTTT	CAWGSNRAGTYSNQPQHF	TRBV30	TRBJ1-5
TGCAGTGCCCTGCCGGGACTCGAGTATGGGGCCAACGTCCTGACTTTC	CSALPGLEYGANVLTF	TRBV20-1	TRBJ2-6
TGTGCCAGCAGCTTGGTGGGCCTACCCTCTACAGGGGGCGAGCAGTACTTC	CASSLVGLPSTGGEQYF	TRBV5-6	TRBJ2-7
TGTGCCAGCAGCAACCAGTTTCAAGAGACCCAGTACTTC	CASSNQFQETQYF	TRBV9	TRBJ2-5
TGTGCCAGCAGCCGCGGGGGCGATACTCCTAATGAGCAGTTCTTC	CASSRGGDTPNEQFF	TRBV7-4	TRBJ2-1
TGTGCCAGCAGCCCGAAGGCAGGGAGGGGACCCTACGAGCAGTACTTC	CASSPKAGRGPYEQYF	TRBV7-9	TRBJ2-7
TGTGCCAGCAGCCCAGGTAGGTGGGAGTCCAGTGAAGCTTTCTTT	CASSPGRWESSEAFF	TRBV27	TRBJ1-1
TGTGCCAGCAGCTTTTGGCCCCATTCACCCCTCCACTTT	CASSFWPHSPLHF	TRBV11-2	TRBJ1-6
TGCAGTGCTCCGGGGTGGTGGGGGAGGAGAAAGGATGAAAAACTGTTTTTT	CSAPGWWGRRKDEKLFF	TRBV20-1	TRBJ1-4
TGTGCCAGCAGCCTCGGTCCCCCCCCGAGCGGGATGGAAGCTTTCTTT	CASSLGPPPSGMEAFF	TRBV9	TRBJ1-1
TGTGCCAGCGACAGGGAAAACCCCCTTACGGAGCAGTACTTC	CASDRENPLTEQYF	TRBV5-8	TRBJ2-7
TGTGCCAGCAGCCCCCCGGGTCAGGGTGGTAGAATTGAGAAGGTCTATACGGAAAGGAACACTGAAGCTTTCTTT	CASSPPGQGGRIEKVYTERNTEAFF	TRBV4-2	TRBJ1-1
TGTGCCAGCAGTGCCGAGGCCGGGACAGGGCCCTCCCAAGAGACCCAGTACTTC	CASSAEAGTGPSQETQYF	TRBV28	TRBJ2-5
TGTGCCAGCAGCCCCCCATTCCGGGACACCAGTGACTATGGCTACACCTTC	CASSPPFRDTSDYGYTF	TRBV9	TRBJ1-2
TGTGCGGTTCAATGGAGCTCCTACGAGCAGTACTTC	CAVQWSSYEQYF	TRBV11-3	TRBJ2-7
TGCAGCGTCCCCGGGACAGGGGACAGGGGTGAGCAGTACTTC	CSVPGTGDRGEQYF	TRBV29-1	TRBJ2-7
TGTGCCAGCAGCTTAGATCGCTGCAGGGACCGTGAAAAACTGTTTTTT	CASSLDRCRDREKLFF	TRBV11-3	TRBJ1-4
TGTGCCACCAGTGTTCCAGGGCTGAGACATAAAGAGACCCAGTACTTC	CATSVPGLRHKETQYF	TRBV24-1	TRBJ2-5
TGTGCCATTCCATGTGCCTACGAGCAGTACTTC	CAIPCAYEQYF	TRBV13	TRBJ2-7
TGTGCCAGCAGCTACATTGAAAAACTGTTTTTT	CASSYIEKLFF	TRBV28	TRBJ1-4
TGTGCCAGCAGCCCCCAAAGGGGGGGGGCGTGGAAGTACTTC	CASSPQRGGAWKYF	TRBV7-2	TRBJ2-7
TGCGCCGATTCGCAATCATCACAGGGCTCTGAGACCCAGTACTTC	CADSQSSQGSETQYF	TRBV5-1	TRBJ2-5
TGTGCCAGCAGCTTAAGGTATGTCGCCGGGACAGGGGAGACCCAGTACTTC	CASSLRYVAGTGETQYF	TRBV11-1	TRBJ2-5
TGTGCCAGCAGCAAAATTCCCCCTTGGGACAGCTACGAGCAGTACTTC	CASSKIPPWDSYEQYF	TRBV13	TRBJ2-7
TGTGCCAGCAGCGACGAGGCCACCCACGGTAGGGCCACTGAAGCTTTCTTT	CASSDEATHGRATEAFF	TRBV7-8	TRBJ1-1
TGTGCCAGCAGCTTAGTCCACCAGTACCCGCAAGTGCAGTACTTC	CASSLVHQYPQVQYF	TRBV11-3	TRBJ2-7
TGCGCCAGCAGCATCGGGGCCTACGAGCAGTACTTC	CASSIGAYEQYF	TRBV5-1	TRBJ2-7
TGTGCCAGCAGCCATTCCACCAGGGCCGACCGTGATACGCAGTATTTT	CASSHSTRADRDTQYF	TRBV14	TRBJ2-3
TGTGCCAGCAGCTTATCCCAAGGCAGGGCAGTGAACACTGAAGCTTTCTTT	CASSLSQGRAVNTEAFF	TRBV11-3	TRBJ1-1
TGCGCCAGCAGTGTGGAGGGCTACACCTTC	CASSVEGYTF	TRBV10-1	TRBJ1-2
TGCAGTGCTATCCCGCCTGGACAGGGGGACTATGGCTACACCTTC	CSAIPPGQGDYGYTF	TRBV20-1	TRBJ1-2
TGCGCCAGCAGCCCCTCGGTAGCGGGTTCCTACAATGAGCAGTTCTTC	CASSPSVAGSYNEQFF	TRBV5-1	TRBJ2-1
TGCAGCGTACGCCGTCCTCCGAGACTTGGAAGCAATCAGCCCCAGCATTTT	CSVRRPPRLGSNQPQHF	TRBV29-1	TRBJ1-5
TGCAGTGCTAGAGATCCAGGGGGGGGGGACTCCAAGAACACTGAAGCTTTCTTT	CSARDPGGGDSKNTEAFF	TRBV20-1	TRBJ1-1
TGTGCCAGCAGTGACTTATCTAGCGGACCGGAGACCCAGTACTTC	CASSDLSSGPETQYF	TRBV6-4	TRBJ2-5
TGTGCCATCAGTGAAAGGACAGGAGAGGGGAAACTGTTTTTT	CAISERTGEGKLFF	TRBV10-3	TRBJ1-4
TGCGCCAGCAGTGAGGGGCGGTCCGGTGCTTTAAGTGAGCAGTTCTTC	CASSEGRSGALSEQFF	TRBV10-2	TRBJ2-1
TGCAGTGCTAGAGAGGACAGGGTGAACACTGAAGCTTTCTTT	CSAREDRVNTEAFF	TRBV20-1	TRBJ1-1
TGCGCCAGCAGCCAAGACCCTATAGCGACAGGGCTGACCCAGCCCCAGCATTTT	CASSQDPIATGLTQPQHF	TRBV4-1	TRBJ1-5
TGTGCCAGCAGCCCTACGTCTGGGGAGCGGGAGATGGAATACAATGAGCAGTTCTTC	CASSPTSGEREMEYNEQFF	TRBV9	TRBJ2-1
TGTGCCAGCAGTGGTAAACGGGACTGGTCCTACAATGAGCAGTTCTTC	CASSGKRDWSYNEQFF	TRBV25-1	TRBJ2-1
TGTGCCAGCAGCACCAGGGTGTGGAACGAGCAGTACTTC	CASSTRVWNEQYF	TRBV11-2	TRBJ2-7
TGCAACGTAGGGACTAGCGGGATTGAGACCCAGTACTTC	CNVGTSGIETQYF	TRBV20-1	TRBJ2-5
TGTGCCAGCAGCTTGTCTCCGAACAGGGGCGGCTACGAGCAGTACTTC	CASSLSPNRGGYEQYF	TRBV5-4	TRBJ2-7
TGTGCCAGCTCACCACAAAAGCCACCGGGGAGTACTGAAGCTTTCTTT	CASSPQKPPGSTEAFF	TRBV18	TRBJ1-1
TGTGCCAGCAGCTCCACGTACCAGGCCCCTTCCTACAATGAGCAGTTCTTC	CASSSTYQAPSYNEQFF	TRBV7-9	TRBJ2-1
TGCAGTGCTAGAGGATCAATGGCGGGACAGGTGCAGTACTTC	CSARGSMAGQVQYF	TRBV20-1	TRBJ2-7
TGTGCCAGCAGCCAAGCGATCAGCTGGTGGGGGATATGGCATGAAGCTTTCTTT	CASSQAISWWGIWHEAFF	TRBV14	TRBJ1-1
TGTGCCAGCAGTTTGAAAAACCGGGACAGGGGGCGGGGAGCTTTCTTT	CASSLKNRDRGRGAFF	TRBV12-4	TRBJ1-1
TGCGCCAGCAGTTTGAACGAGACCCAGTACTTC	CASSLNETQYF	TRBV5-1	TRBJ2-5
TGTGCCAGCAGTGCAGGGGGGGGTGCAACTAATGAAAAACTGTTTTTT	CASSAGGGATNEKLFF	TRBV25-1	TRBJ1-4
TGTGCCCTCCCCCAGGGCCATAGCAATCAGCCCCAGCATTTT	CALPQGHSNQPQHF	TRBV6-5	TRBJ1-5
TGCAGTGCTAGAGATGGTGGGGGACAGGGGATTTCTAGGGAACGGGGTCACCAGTACTTC	CSARDGGGQGISRERGHQYF	TRBV20-1	TRBJ2-5
TGCGCCAGCAGCTTGGCCCGTGATCTATACAATGAGCAGTTCTTC	CASSLARDLYNEQFF	TRBV5-1	TRBJ2-1
TGTGCCAGCAGTGACGGGCCGGGTCGGACAGGGAGGCACGAGCAGTACTTC	CASSDGPGRTGRHEQYF	TRBV6-4	TRBJ2-7
TGTGCCAGCAGCACAGGCAATCAGCCCCAGCATTTT	CASSTGNQPQHF	TRBV11-2	TRBJ1-5
TGTGCCAGCAGCGGGGGAACCGGGACTAGCGGGAGTGCGGACTATGGCTACACCTTC	CASSGGTGTSGSADYGYTF	TRBV28	TRBJ1-2
TGTGCCAGCAGCACCCCGACAGTCCAAGAGACCCAGTACTTC	CASSTPTVQETQYF	TRBV6-8	TRBJ2-5
TGTGCTAGCAGCTTAAACCCCAGGGTATTTCCTAATGAAAAACTGTTTTTT	CASSLNPRVFPNEKLFF	TRBV7-7	TRBJ1-4
TGTGCCAGCACCCTTGGAGGACACGAGCAGTACTTC	CASTLGGHEQYF	TRBV27	TRBJ2-7
TGTGCCAGCATCGGGTACAATTTTTCGTCCGCTCCTAGCGGACACTACAATGAGCAGTTCTTC	CASIGYNFSSAPSGHYNEQFF	TRBV6-4	TRBJ2-1
TGTGCCTGGAGTATACCCCCGGGACAGATGGGGATTGGCTACGAGCAGTACTTC	CAWSIPPGQMGIGYEQYF	TRBV30	TRBJ2-7
TGTGCCAGCAGCCAAGTCCCCACAGGGGGCAATTCACCCCTCCACTTT	CASSQVPTGGNSPLHF	TRBV13	TRBJ1-6
TGCGCCAAACCCCACAGGGACGAAAAACTGTTTTTT	CAKPHRDEKLFF	TRBV10-1	TRBJ1-4
TGTGCCAGCAGCTTAGTGCCGGGACTAGCGGGAGACGGGCAACGGGGCTACACCTTC	CASSLVPGLAGDGQRGYTF	TRBV5-6	TRBJ1-2
TGTGCCAGCAGCCGGATTGTGGGACAGTCCTACGAGCAGTACTTC	CASSRIVGQSYEQYF	TRBV6-5	TRBJ2-7
TGTGCCAGCAGTAAAGGTGGTTTCAGGGGCGGACAGGGAGATGAAAAACTGTTTTTT	CASSKGGFRGGQGDEKLFF	TRBV6-2	TRBJ1-4
TGTGCCAGCAGTGTCTACTACAATGAGCAGTTCTTC	CASSVYYNEQFF	TRBV6-1	TRBJ2-1
TGTGCCTGGGGGGTGAGCTCCTATAATTCACCCCTCCACTTT	CAWGVSSYNSPLHF	TRBV7-2	TRBJ1-6
TGTGCCAGCAGCGGTGACAGCTTTCGCGAGCAGTACTTC	CASSGDSFREQYF	TRBV7-9	TRBJ2-7
TGTGCCAGCTTTTCGCCGGGACAGAGAGAAGCTTTCTTT	CASFSPGQREAFF	TRBV28	TRBJ1-1
TGTGCCACCAGCAGAGACCCGGGCGGAAACTACGAGCAGTACTTC	CATSRDPGGNYEQYF	TRBV15	TRBJ2-7
TGTGCCAGCCGCGGACAGGGCCGTACAGATACGCAGTATTTT	CASRGQGRTDTQYF	TRBV7-3	TRBJ2-3
TGTGCCAGCAGCGGGACTAGCGGGGAGGGTTACAATGAGCAGTTCTTC	CASSGTSGEGYNEQFF	TRBV11-3	TRBJ2-1
TGTGCCAGCAGCCGTGGGGGCACTGAAGCTTTCTTT	CASSRGGTEAFF	TRBV14	TRBJ1-1
TGTGCCAGCAGTACAGGGATAAAAGGGCGGTACGAGCAGTACTTC	CASSTGIKGRYEQYF	TRBV28	TRBJ2-7
TGTGCCACTACCAGAGGGACCCTCCACTTT	CATTRGTLHF	TRBV15	TRBJ1-6
TGTGCCAGCAGTAGCGGGAACTGCTATGGCTACACCTTC	CASSSGNCYGYTF	TRBV11-3	TRBJ1-2
TGTGCCAGCAGTTGGGACAGGGGAGACGGGGAGCTGTTTTTT	CASSWDRGDGELFF	TRBV28	TRBJ2-2
TGTGCCAGCAGTTCCGCGGAAGACTCTTGGGATGAGCAGTTCTTC	CASSSAEDSWDEQFF	TRBV6-1	TRBJ2-1
